subsec,filename,title,description,,,,,,,
Sports Photos,IMG_0047.jpg,,,,,,,,,
Sports Photos,IMG_2450.jpg,,,,,,,,,
Sports Photos,IMG_9326_G.jpg,,,,,,,,,
Sports Photos,IMG_9529.jpg,,,,,,,,,
Family Photos,IMG_0566.1.jpg,Cool Dudes,These dudes are real cool.,,,,,,,
Family Photos,IMG_3753-t.jpg, ,,,,,,,,
Family Photos,IMG_6532.jpg, ,,,,,,,,
Family Photos,IMG_6895.jpg, ,,,,,,,,
Family Photos,IMG_6896.jpg, ,,,,,,,,
Family Photos,IMG_6902.jpg, ,,,,,,,,
Family Photos,IMG_6903.jpg, ,,,,,,,,
Family Photos,IMG_6909.jpg, ,,,,,,,,
Family Photos,IMG_7161.jpg, ,,,,,,,,
Family Photos,IMG_7213.jpg, ,,,,,,,,
Family Photos,IMG_7284.jpg, ,,,,,,,, 
Family Photos,IMG_7978.jpg, ,,,,,,,, 
Family Photos,IMG_8063.jpg, ,,, ,,,,, 
Family Photos,IMG_8982_t.jpg, ,,, ,,,,, 
Family Photos,shapeimage_1.png, ,,, ,,,,,
Cleveland,62382068_1549981425133809_7589426873839386624_o.jpg,Cleveland,I love Cleveland!,, ,,,,,
Other,IMG_0036.jpg,,,,,,,,,
Other,IMG_1173.jpg,,,,,,,,,
Other,IMG_1335.jpg,,,,,,,,,
Other,IMG_3472_t.jpg,,,,,,,,,
Other,IMG_4102_t.jpg,,,,,,,,,
Other,IMG_4691_t.jpg,,,,,,,,,
Other,IMG_5453.jpg,,,,,,,,,
Other,IMG_7540 (1).jpg,,,,,,,,,
Other,IMG_7866.jpg,,,,,,,,,
